SKU_ID,Product_Name,Brand,Manufacturer,Ownership,Category,Sub_Category,Segment,Attribute_Claim,Pack_Size_ml,Price_Band,Supplier,List_Price_USD,Unit_Cost_USD,Margin_Pct,Case_Pack,Launch_Date,Status,Hair_Type,Gender,Age_Group,Ingredient_1,Ingredient_2,Ingredient_3,Ingredient_4,Sulphate_Free_Flag,Paraben_Free_Flag,Organic_Flag,Dandruff_Flag,Hair_Fall_Flag,Color_Protection_Flag
NEW_SKU0001,EarthTress Color Protection Argan Oil Shampoo 300ml,EarthTress,TerraChem,Own,Hair Care,Shampoo,Economy,Color Protection,300,Economy,AuroraMfg,9.23,6.5,29.58,6,1/19/2027,New,Fine,Women,Adult,Argan Oil,Aloe Vera,Biotin,Caffeine,Yes,Yes,No,No,No,Yes
NEW_SKU0002,EarthTress Color Protection Rosemary Shampoo 400ml,EarthTress,VertexFMCG,Own,Hair Care,Shampoo,Economy,Color Protection,400,Economy,TerraChem,7.29,5.04,30.86,6,1/11/2027,New,Thick,Women,Senior,Rosemary,Tea Tree,Biotin,Collagen,Yes,No,No,No,No,Yes
NEW_SKU0003,EarthTress Biotin Rosemary Shampoo 650ml,EarthTress,VertexFMCG,Own,Hair Care,Shampoo,Mainstream,Biotin,650,Mainstream,NimbusLabs,15.05,11.13,26.05,6,10/26/2026,New,Curly,Women,Senior,Rosemary,Argan Oil,Biotin,Caffeine,Yes,Yes,No,No,No,No
NEW_SKU0004,Revynce Color Protection Rosemary Shampoo 500ml,Revynce,TerraChem,Own,Hair Care,Shampoo,Economy,Color Protection,500,Economy,VertexFMCG,11.79,7.62,35.37,6,12/24/2026,New,Curly,Women,Senior,Rosemary,Aloe Vera,Argan Oil,Keratin,Yes,Yes,Yes,No,No,Yes
NEW_SKU0005,EarthTress Sulphate Free Collagen Hair Color 300ml,EarthTress,PinnacleCo,Own,Hair Care,Hair Color,Premium,Sulphate Free,300,Premium,PinnacleCo,34.54,25.57,25.97,12,9/3/2026,New,Coily,Men,Senior,Collagen,Keratin,Biotin,Aloe Vera,Yes,No,Yes,No,No,No
NEW_SKU0006,EarthTress Sulphate Free Caffeine Hair Color 500ml,EarthTress,VertexFMCG,Own,Hair Care,Hair Color,Premium,Sulphate Free,500,Premium,TerraChem,30.68,23.58,23.14,12,5/30/2027,New,Coily,Men,Adult,Caffeine,Rosemary,Tea Tree,Aloe Vera,Yes,No,No,No,No,No
NEW_SKU0007,EarthTress Argan Oil Collagen Hair Color 250ml,EarthTress,TerraChem,Own,Hair Care,Hair Color,Mainstream,Argan Oil,250,Mainstream,NimbusLabs,26.39,19.27,26.98,12,11/11/2026,New,Coily,Men,Senior,Collagen,Rosemary,Biotin,Tea Tree,No,Yes,No,No,No,No
NEW_SKU0008,Lustra Botanix Sulphate Free Collagen Hair Color 400ml,Lustra Botanix,TerraChem,Own,Hair Care,Hair Color,Premium,Sulphate Free,400,Premium,TerraChem,41.59,27.56,33.73,12,1/7/2027,New,Coily,Men,Adult,Collagen,Rosemary,Caffeine,Aloe Vera,Yes,No,No,No,No,No
NEW_SKU0009,VitalStrand Anti Hair Fall Keratin Hair Color 300ml,VitalStrand,TerraChem,Competitor,Hair Care,Hair Color,Mainstream,Anti Hair Fall,300,Mainstream,VertexFMCG,20.45,15.21,25.62,12,6/13/2027,New,Coily,Unisex,Adult,Keratin,Argan Oil,Tea Tree,Rosemary,Yes,No,No,No,Yes,No
NEW_SKU0010,VitalStrand Anti Hair Fall Argan Oil Hair Color 150ml,VitalStrand,NimbusLabs,Competitor,Hair Care,Hair Color,Mainstream,Anti Hair Fall,150,Mainstream,NimbusLabs,19.42,13.71,29.4,24,2/19/2027,New,Straight,Unisex,Adult,Argan Oil,Biotin,Tea Tree,Aloe Vera,No,Yes,No,No,Yes,No
NEW_SKU0011,VitalStrand Anti Hair Fall Keratin Hair Color 650ml,VitalStrand,VertexFMCG,Competitor,Hair Care,Hair Color,Economy,Anti Hair Fall,650,Economy,VertexFMCG,14.38,9.24,35.74,12,5/22/2027,New,Straight,Unisex,Adult,Keratin,Argan Oil,Rosemary,Aloe Vera,Yes,Yes,No,No,Yes,No
NEW_SKU0012,PureMane Anti Hair Fall Keratin Hair Color 500ml,PureMane,VertexFMCG,Competitor,Hair Care,Hair Color,Mainstream,Anti Hair Fall,500,Mainstream,VertexFMCG,20.18,12.87,36.22,12,5/3/2027,New,Straight,Unisex,Adult,Keratin,Argan Oil,Tea Tree,Rosemary,Yes,Yes,No,No,Yes,No
NEW_SKU0013,PureMane Anti Hair Fall Collagen Treatment 250ml,PureMane,PinnacleCo,Competitor,Hair Care,Treatment,Economy,Anti Hair Fall,250,Economy,NimbusLabs,8.47,6.1,27.98,18,3/8/2027,New,Wavy,Men,Teen,Collagen,Aloe Vera,Argan Oil,Tea Tree,Yes,No,No,No,Yes,No
NEW_SKU0014,PureMane Anti Hair Fall Rosemary Treatment 300ml,PureMane,NimbusLabs,Competitor,Hair Care,Treatment,Economy,Anti Hair Fall,300,Economy,AuroraMfg,7.16,5.02,29.89,18,11/13/2026,New,Thick,Women,Teen,Rosemary,Aloe Vera,Biotin,Keratin,Yes,Yes,No,No,Yes,No
NEW_SKU0015,PureMane Anti Hair Fall Biotin Treatment 500ml,PureMane,AuroraMfg,Competitor,Hair Care,Treatment,Mainstream,Anti Hair Fall,500,Mainstream,PinnacleCo,25.55,17.36,32.05,18,6/9/2027,New,Wavy,Men,Senior,Biotin,Aloe Vera,Argan Oil,Tea Tree,No,Yes,No,No,Yes,No
NEW_SKU0016,NourishLab Anti Hair Fall Keratin Treatment 100ml,NourishLab,VertexFMCG,Competitor,Hair Care,Treatment,Economy,Anti Hair Fall,100,Economy,VertexFMCG,12.01,8.86,26.23,18,12/5/2026,New,Thick,Men,Senior,Keratin,Aloe Vera,Argan Oil,Tea Tree,Yes,No,No,No,Yes,No
NEW_SKU0017,Lustra Botanix Herbal Caffeine Treatment 100ml,Lustra Botanix,PinnacleCo,Own,Hair Care,Treatment,Economy,Herbal,100,Economy,PinnacleCo,13.59,8.91,34.44,6,3/18/2027,New,Curly,Women,Adult,Caffeine,Aloe Vera,Collagen,Keratin,Yes,No,No,No,No,No
NEW_SKU0018,Lustra Botanix Herbal Tea Tree Treatment 200ml,Lustra Botanix,AuroraMfg,Own,Hair Care,Treatment,Economy,Herbal,200,Economy,TerraChem,9.02,5.73,36.47,6,6/11/2027,New,Curly,Women,Adult,Tea Tree,Caffeine,Collagen,Argan Oil,No,Yes,Yes,No,No,No
NEW_SKU0019,Lustra Botanix Anti Hair Fall Tea Tree Treatment 400ml,Lustra Botanix,VertexFMCG,Own,Hair Care,Treatment,Mainstream,Anti Hair Fall,400,Mainstream,NimbusLabs,19.29,13.04,32.4,6,11/4/2026,New,Curly,Women,Adult,Tea Tree,Aloe Vera,Caffeine,Keratin,Yes,No,No,No,Yes,No
NEW_SKU0020,Velinea Herbal Argan Oil Treatment 500ml,Velinea,VertexFMCG,Own,Hair Care,Treatment,Economy,Herbal,500,Economy,AuroraMfg,14.25,10.11,29.05,6,5/15/2027,New,Curly,Women,Adult,Argan Oil,Aloe Vera,Collagen,Keratin,Yes,No,No,No,No,No
NEW_SKU0021,GlossRoot Color Protection Keratin Hair Color 400ml,GlossRoot,PinnacleCo,Competitor,Hair Care,Hair Color,Premium,Color Protection,400,Premium,VertexFMCG,34.06,24.23,28.86,6,11/24/2026,New,Wavy,Men,Senior,Keratin,Rosemary,Collagen,Argan Oil,Yes,No,Yes,No,No,Yes
NEW_SKU0022,GlossRoot Color Protection Aloe Vera Hair Color 150ml,GlossRoot,AuroraMfg,Competitor,Hair Care,Hair Color,Premium,Color Protection,150,Premium,PinnacleCo,43.45,32.3,25.66,18,12/3/2026,New,Fine,Men,Senior,Aloe Vera,Biotin,Rosemary,Argan Oil,No,No,Yes,No,No,Yes
NEW_SKU0023,GlossRoot Keratin Keratin Hair Color 250ml,GlossRoot,AuroraMfg,Competitor,Hair Care,Hair Color,Mainstream,Keratin,250,Mainstream,NimbusLabs,15.43,11.91,22.81,6,9/7/2026,New,Wavy,Men,Senior,Keratin,Biotin,Collagen,Tea Tree,No,Yes,No,No,No,No
NEW_SKU0024,SilkenAura Color Protection Tea Tree Hair Color 200ml,SilkenAura,VertexFMCG,Competitor,Hair Care,Hair Color,Premium,Color Protection,200,Premium,VertexFMCG,39.19,28.99,26.03,6,3/23/2027,New,Wavy,Men,Senior,Tea Tree,Caffeine,Collagen,Argan Oil,No,Yes,Yes,No,No,Yes
NEW_SKU0025,EarthTress Color Protection Argan Oil Hair Color 150ml,EarthTress,NimbusLabs,Own,Hair Care,Hair Color,Mainstream,Color Protection,150,Mainstream,VertexFMCG,21.15,15.11,28.56,6,4/19/2027,New,Straight,Unisex,Teen,Argan Oil,Biotin,Tea Tree,Collagen,Yes,Yes,No,No,No,Yes
NEW_SKU0026,EarthTress Color Protection Caffeine Hair Color 500ml,EarthTress,NimbusLabs,Own,Hair Care,Hair Color,Mainstream,Color Protection,500,Mainstream,TerraChem,15.43,10.83,29.81,6,11/8/2026,New,Wavy,Women,Adult,Caffeine,Rosemary,Tea Tree,Aloe Vera,Yes,Yes,No,No,No,Yes
NEW_SKU0027,EarthTress Biotin Keratin Hair Color 100ml,EarthTress,VertexFMCG,Own,Hair Care,Hair Color,Premium,Biotin,100,Premium,PinnacleCo,36.54,25.44,30.38,6,11/15/2026,New,Straight,Unisex,Adult,Keratin,Biotin,Tea Tree,Aloe Vera,No,No,Yes,No,No,No
NEW_SKU0028,Lustra Botanix Color Protection Keratin Hair Color 250ml,Lustra Botanix,NimbusLabs,Own,Hair Care,Hair Color,Mainstream,Color Protection,250,Mainstream,TerraChem,26.89,18.0,33.06,6,1/30/2027,New,Wavy,Unisex,Teen,Keratin,Biotin,Tea Tree,Aloe Vera,Yes,No,Yes,No,No,Yes
NEW_SKU0029,Lustra Botanix Color Protection Tea Tree Treatment 200ml,Lustra Botanix,TerraChem,Own,Hair Care,Treatment,Economy,Color Protection,200,Economy,TerraChem,8.34,5.79,30.58,12,11/30/2026,New,Straight,Unisex,Teen,Tea Tree,Keratin,Collagen,Rosemary,Yes,No,No,No,No,Yes
NEW_SKU0030,Lustra Botanix Color Protection Tea Tree Treatment 250ml,Lustra Botanix,NimbusLabs,Own,Hair Care,Treatment,Economy,Color Protection,250,Economy,PinnacleCo,13.41,10.01,25.35,6,11/24/2026,New,Straight,Unisex,Adult,Tea Tree,Biotin,Rosemary,Caffeine,No,No,Yes,No,No,Yes
NEW_SKU0031,Lustra Botanix Anti Dandruff Tea Tree Treatment 500ml,Lustra Botanix,VertexFMCG,Own,Hair Care,Treatment,Mainstream,Anti Dandruff,500,Mainstream,AuroraMfg,15.85,12.9,18.61,18,1/21/2027,New,Straight,Unisex,Senior,Tea Tree,Keratin,Aloe Vera,Caffeine,Yes,No,Yes,Yes,No,No
NEW_SKU0032,Revynce Color Protection Tea Tree Treatment 300ml,Revynce,PinnacleCo,Own,Hair Care,Treatment,Economy,Color Protection,300,Economy,PinnacleCo,7.32,4.97,32.1,18,4/26/2027,New,Straight,Unisex,Senior,Tea Tree,Keratin,Biotin,Caffeine,No,No,Yes,No,No,Yes
NEW_SKU0033,SilkenAura Herbal Tea Tree Hair Mask 500ml,SilkenAura,AuroraMfg,Competitor,Hair Care,Hair Mask,Mainstream,Herbal,500,Mainstream,PinnacleCo,23.07,15.34,33.51,6,1/18/2027,New,Straight,Men,Senior,Tea Tree,Argan Oil,Biotin,Aloe Vera,No,No,Yes,No,No,No
NEW_SKU0034,SilkenAura Herbal Biotin Hair Mask 150ml,SilkenAura,TerraChem,Competitor,Hair Care,Hair Mask,Mainstream,Herbal,150,Mainstream,VertexFMCG,25.75,17.98,30.17,12,1/30/2027,New,Straight,Men,Senior,Biotin,Argan Oil,Collagen,Aloe Vera,No,No,Yes,No,No,No
NEW_SKU0035,SilkenAura Sulphate Free Tea Tree Hair Mask 100ml,SilkenAura,PinnacleCo,Competitor,Hair Care,Hair Mask,Premium,Sulphate Free,100,Premium,TerraChem,34.81,23.24,33.24,12,3/23/2027,New,Curly,Men,Senior,Tea Tree,Argan Oil,Collagen,Aloe Vera,Yes,Yes,Yes,No,No,No
NEW_SKU0036,GlossRoot Herbal Tea Tree Hair Mask 250ml,GlossRoot,NimbusLabs,Competitor,Hair Care,Hair Mask,Mainstream,Herbal,250,Mainstream,PinnacleCo,19.9,14.07,29.3,12,5/25/2027,New,Straight,Men,Senior,Tea Tree,Argan Oil,Rosemary,Aloe Vera,No,Yes,No,No,No,No
NEW_SKU0037,EarthTress Argan Oil Argan Oil Hair Color 150ml,EarthTress,PinnacleCo,Own,Hair Care,Hair Color,Premium,Argan Oil,150,Premium,VertexFMCG,34.1,24.68,27.62,12,4/19/2027,New,Straight,Men,Adult,Argan Oil,Caffeine,Aloe Vera,Rosemary,Yes,Yes,No,No,No,No
NEW_SKU0038,EarthTress Argan Oil Argan Oil Hair Color 400ml,EarthTress,AuroraMfg,Own,Hair Care,Hair Color,Premium,Argan Oil,400,Premium,TerraChem,38.15,26.65,30.14,12,10/28/2026,New,Thick,Unisex,Senior,Argan Oil,Biotin,Caffeine,Aloe Vera,No,Yes,Yes,No,No,No
NEW_SKU0039,EarthTress Argan Oil Argan Oil Hair Color 650ml,EarthTress,NimbusLabs,Own,Hair Care,Hair Color,Mainstream,Argan Oil,650,Mainstream,NimbusLabs,20.5,14.3,30.24,12,9/14/2026,New,Curly,Unisex,Senior,Argan Oil,Biotin,Caffeine,Rosemary,No,Yes,Yes,No,No,No
NEW_SKU0040,Lustra Botanix Argan Oil Argan Oil Hair Color 100ml,Lustra Botanix,NimbusLabs,Own,Hair Care,Hair Color,Premium,Argan Oil,100,Premium,TerraChem,32.36,20.7,36.03,12,11/9/2026,New,Straight,Unisex,Senior,Argan Oil,Tea Tree,Keratin,Rosemary,Yes,Yes,Yes,No,No,No
NEW_SKU0041,NourishLab Argan Oil Tea Tree Hair Oil 100ml,NourishLab,AuroraMfg,Competitor,Hair Care,Hair Oil,Mainstream,Argan Oil,100,Mainstream,VertexFMCG,20.96,15.07,28.1,12,1/21/2027,New,Curly,Unisex,Adult,Tea Tree,Biotin,Caffeine,Argan Oil,Yes,No,Yes,No,No,No
NEW_SKU0042,NourishLab Argan Oil Tea Tree Hair Oil 500ml,NourishLab,VertexFMCG,Competitor,Hair Care,Hair Oil,Mainstream,Argan Oil,500,Mainstream,PinnacleCo,23.62,14.92,36.83,12,3/20/2027,New,Straight,Unisex,Senior,Tea Tree,Rosemary,Argan Oil,Keratin,No,Yes,No,No,No,No
NEW_SKU0043,NourishLab Smoothening Tea Tree Hair Oil 400ml,NourishLab,NimbusLabs,Competitor,Hair Care,Hair Oil,Economy,Smoothening,400,Economy,TerraChem,12.43,8.49,31.7,12,12/24/2026,New,Fine,Women,Teen,Tea Tree,Argan Oil,Caffeine,Keratin,No,No,Yes,No,No,No
NEW_SKU0044,SilkenAura Argan Oil Argan Oil Hair Oil 200ml,SilkenAura,VertexFMCG,Competitor,Hair Care,Hair Oil,Mainstream,Argan Oil,200,Mainstream,TerraChem,16.01,11.17,30.23,12,2/14/2027,New,Fine,Unisex,Teen,Argan Oil,Biotin,Caffeine,Keratin,Yes,Yes,Yes,No,No,No
NEW_SKU0045,GlossRoot Color Protection Argan Oil Hair Serum 300ml,GlossRoot,VertexFMCG,Competitor,Hair Care,Hair Serum,Mainstream,Color Protection,300,Mainstream,NimbusLabs,25.39,16.79,33.87,18,4/15/2027,New,Thick,Unisex,Senior,Argan Oil,Tea Tree,Caffeine,Collagen,Yes,Yes,No,No,No,Yes
NEW_SKU0046,GlossRoot Color Protection Keratin Hair Serum 100ml,GlossRoot,AuroraMfg,Competitor,Hair Care,Hair Serum,Mainstream,Color Protection,100,Mainstream,PinnacleCo,16.1,11.5,28.57,18,2/22/2027,New,Fine,Unisex,Senior,Keratin,Aloe Vera,Argan Oil,Collagen,No,No,Yes,No,No,Yes
NEW_SKU0047,GlossRoot Smoothening Argan Oil Hair Serum 200ml,GlossRoot,NimbusLabs,Competitor,Hair Care,Hair Serum,Premium,Smoothening,200,Premium,AuroraMfg,38.98,26.96,30.84,12,11/8/2026,New,Thick,Unisex,Senior,Argan Oil,Aloe Vera,Caffeine,Tea Tree,Yes,No,No,No,No,No
NEW_SKU0048,NourishLab Color Protection Argan Oil Hair Serum 250ml,NourishLab,PinnacleCo,Competitor,Hair Care,Hair Serum,Mainstream,Color Protection,250,Mainstream,PinnacleCo,18.52,13.88,25.05,18,9/24/2026,New,Fine,Unisex,Senior,Argan Oil,Tea Tree,Biotin,Collagen,Yes,Yes,Yes,No,No,Yes
NEW_SKU0049,SilkenAura Argan Oil Argan Oil Hair Serum 250ml,SilkenAura,VertexFMCG,Competitor,Hair Care,Hair Serum,Mainstream,Argan Oil,250,Mainstream,PinnacleCo,22.73,18.2,19.93,12,9/20/2026,New,Fine,Unisex,Senior,Argan Oil,Caffeine,Keratin,Rosemary,No,Yes,No,No,No,No
NEW_SKU0050,SilkenAura Argan Oil Tea Tree Hair Serum 500ml,SilkenAura,VertexFMCG,Competitor,Hair Care,Hair Serum,Mainstream,Argan Oil,500,Mainstream,PinnacleCo,15.54,10.78,30.63,24,12/5/2026,New,Fine,Men,Teen,Tea Tree,Keratin,Collagen,Rosemary,Yes,Yes,No,No,No,No
NEW_SKU0051,SilkenAura Argan Oil Argan Oil Hair Serum 150ml,SilkenAura,TerraChem,Competitor,Hair Care,Hair Serum,Economy,Argan Oil,150,Economy,TerraChem,11.4,8.34,26.84,18,2/8/2027,New,Fine,Unisex,Teen,Argan Oil,Caffeine,Collagen,Keratin,No,Yes,Yes,No,No,No
NEW_SKU0052,PureMane Argan Oil Argan Oil Hair Serum 400ml,PureMane,TerraChem,Competitor,Hair Care,Hair Serum,Mainstream,Argan Oil,400,Mainstream,NimbusLabs,23.93,16.2,32.3,12,3/1/2027,New,Fine,Unisex,Teen,Argan Oil,Caffeine,Keratin,Tea Tree,Yes,No,No,No,No,No
NEW_SKU0053,VitalStrand Color Protection Rosemary Hair Color 650ml,VitalStrand,PinnacleCo,Competitor,Hair Care,Hair Color,Mainstream,Color Protection,650,Mainstream,PinnacleCo,17.23,11.59,32.73,24,9/22/2026,New,Straight,Men,Senior,Rosemary,Aloe Vera,Biotin,Tea Tree,No,No,Yes,No,No,Yes
NEW_SKU0054,VitalStrand Color Protection Collagen Hair Color 400ml,VitalStrand,NimbusLabs,Competitor,Hair Care,Hair Color,Mainstream,Color Protection,400,Mainstream,NimbusLabs,26.33,18.84,28.45,12,9/4/2026,New,Straight,Men,Teen,Collagen,Aloe Vera,Caffeine,Tea Tree,Yes,No,No,No,No,Yes
NEW_SKU0055,VitalStrand Anti Hair Fall Caffeine Hair Color 150ml,VitalStrand,TerraChem,Competitor,Hair Care,Hair Color,Economy,Anti Hair Fall,150,Economy,PinnacleCo,11.69,8.55,26.86,18,4/20/2027,New,Straight,Men,Senior,Caffeine,Aloe Vera,Biotin,Tea Tree,Yes,Yes,No,No,Yes,No
NEW_SKU0056,NourishLab Color Protection Keratin Hair Color 100ml,NourishLab,NimbusLabs,Competitor,Hair Care,Hair Color,Mainstream,Color Protection,100,Mainstream,AuroraMfg,16.81,12.17,27.6,18,4/9/2027,New,Straight,Women,Adult,Keratin,Caffeine,Biotin,Tea Tree,No,No,Yes,No,No,Yes
NEW_SKU0057,Velinea Keratin Biotin Hair Color 300ml,Velinea,TerraChem,Own,Hair Care,Hair Color,Premium,Keratin,300,Premium,AuroraMfg,42.57,31.07,27.01,12,1/26/2027,New,Straight,Unisex,Senior,Biotin,Caffeine,Rosemary,Aloe Vera,No,No,Yes,No,No,No
NEW_SKU0058,Velinea Keratin Biotin Hair Color 400ml,Velinea,AuroraMfg,Own,Hair Care,Hair Color,Premium,Keratin,400,Premium,VertexFMCG,40.25,28.74,28.6,12,5/2/2027,New,Straight,Women,Teen,Biotin,Collagen,Rosemary,Keratin,No,Yes,Yes,No,No,No
NEW_SKU0059,Velinea Keratin Biotin Hair Color 200ml,Velinea,PinnacleCo,Own,Hair Care,Hair Color,Mainstream,Keratin,200,Mainstream,NimbusLabs,20.83,14.48,30.48,12,4/15/2027,New,Straight,Unisex,Senior,Biotin,Keratin,Rosemary,Tea Tree,Yes,Yes,Yes,No,No,No
NEW_SKU0060,Revynce Keratin Argan Oil Hair Color 650ml,Revynce,VertexFMCG,Own,Hair Care,Hair Color,Premium,Keratin,650,Premium,PinnacleCo,34.11,26.39,22.63,12,6/25/2027,New,Straight,Women,Senior,Argan Oil,Caffeine,Collagen,Tea Tree,No,Yes,Yes,No,No,No
NEW_SKU0061,NourishLab Anti Dandruff Collagen Hair Color 200ml,NourishLab,TerraChem,Competitor,Hair Care,Hair Color,Mainstream,Anti Dandruff,200,Mainstream,NimbusLabs,22.67,15.4,32.07,24,12/3/2026,New,Coily,Men,Adult,Collagen,Aloe Vera,Biotin,Argan Oil,No,Yes,No,Yes,No,No
NEW_SKU0062,NourishLab Anti Dandruff Biotin Hair Color 300ml,NourishLab,PinnacleCo,Competitor,Hair Care,Hair Color,Mainstream,Anti Dandruff,300,Mainstream,VertexFMCG,21.78,13.51,37.97,24,6/8/2027,New,Straight,Men,Senior,Biotin,Aloe Vera,Tea Tree,Argan Oil,No,Yes,Yes,Yes,No,No
NEW_SKU0063,NourishLab Smoothening Collagen Hair Color 650ml,NourishLab,AuroraMfg,Competitor,Hair Care,Hair Color,Economy,Smoothening,650,Economy,PinnacleCo,10.48,7.78,25.76,6,12/26/2026,New,Coily,Men,Adult,Collagen,Aloe Vera,Biotin,Argan Oil,No,Yes,Yes,No,No,No
NEW_SKU0064,VitalStrand Anti Dandruff Biotin Hair Color 100ml,VitalStrand,VertexFMCG,Competitor,Hair Care,Hair Color,Mainstream,Anti Dandruff,100,Mainstream,AuroraMfg,23.23,17.64,24.06,24,2/4/2027,New,Coily,Men,Adult,Biotin,Aloe Vera,Tea Tree,Argan Oil,Yes,No,Yes,Yes,No,No
NEW_SKU0065,PureMane Anti Hair Fall Caffeine Hair Color 200ml,PureMane,NimbusLabs,Competitor,Hair Care,Hair Color,Mainstream,Anti Hair Fall,200,Mainstream,PinnacleCo,23.33,16.04,31.25,18,5/4/2027,New,Fine,Women,Senior,Caffeine,Rosemary,Collagen,Argan Oil,Yes,No,Yes,No,Yes,No
NEW_SKU0066,PureMane Anti Hair Fall Tea Tree Hair Color 500ml,PureMane,VertexFMCG,Competitor,Hair Care,Hair Color,Mainstream,Anti Hair Fall,500,Mainstream,TerraChem,27.71,22.28,19.6,6,12/16/2026,New,Fine,Women,Senior,Tea Tree,Rosemary,Collagen,Caffeine,No,Yes,Yes,No,Yes,No
NEW_SKU0067,PureMane Smoothening Keratin Hair Color 100ml,PureMane,VertexFMCG,Competitor,Hair Care,Hair Color,Premium,Smoothening,100,Premium,VertexFMCG,32.71,23.98,26.69,18,12/29/2026,New,Fine,Women,Adult,Keratin,Tea Tree,Collagen,Argan Oil,Yes,Yes,Yes,No,No,No
NEW_SKU0068,VitalStrand Anti Hair Fall Keratin Hair Color 400ml,VitalStrand,VertexFMCG,Competitor,Hair Care,Hair Color,Mainstream,Anti Hair Fall,400,Mainstream,NimbusLabs,20.3,15.3,24.63,18,10/8/2026,New,Fine,Women,Adult,Keratin,Collagen,Caffeine,Argan Oil,No,No,No,No,Yes,No
NEW_SKU0069,PureMane Damage Repair Keratin Hair Serum 400ml,PureMane,NimbusLabs,Competitor,Hair Care,Hair Serum,Mainstream,Damage Repair,400,Mainstream,AuroraMfg,23.58,16.88,28.41,12,4/8/2027,New,Coily,Men,Senior,Keratin,Biotin,Rosemary,Tea Tree,Yes,Yes,No,No,No,No
NEW_SKU0070,PureMane Damage Repair Keratin Hair Serum 200ml,PureMane,VertexFMCG,Competitor,Hair Care,Hair Serum,Mainstream,Damage Repair,200,Mainstream,VertexFMCG,26.18,17.35,33.73,12,1/26/2027,New,Coily,Unisex,Adult,Keratin,Rosemary,Argan Oil,Biotin,No,Yes,No,No,No,No
NEW_SKU0071,PureMane Damage Repair Keratin Hair Serum 100ml,PureMane,PinnacleCo,Competitor,Hair Care,Hair Serum,Premium,Damage Repair,100,Premium,NimbusLabs,29.54,20.57,30.37,12,9/19/2026,New,Coily,Women,Senior,Keratin,Aloe Vera,Argan Oil,Tea Tree,No,Yes,No,No,No,No
NEW_SKU0072,VitalStrand Damage Repair Keratin Hair Serum 150ml,VitalStrand,NimbusLabs,Competitor,Hair Care,Hair Serum,Mainstream,Damage Repair,150,Mainstream,TerraChem,23.08,15.99,30.72,24,2/15/2027,New,Wavy,Unisex,Adult,Keratin,Biotin,Argan Oil,Aloe Vera,Yes,Yes,Yes,No,No,No
NEW_SKU0073,EarthTress Argan Oil Rosemary Treatment 100ml,EarthTress,VertexFMCG,Own,Hair Care,Treatment,Mainstream,Argan Oil,100,Mainstream,AuroraMfg,20.49,14.77,27.92,12,4/21/2027,New,Curly,Men,Teen,Rosemary,Argan Oil,Aloe Vera,Tea Tree,Yes,No,Yes,No,No,No
NEW_SKU0074,EarthTress Argan Oil Rosemary Treatment 150ml,EarthTress,TerraChem,Own,Hair Care,Treatment,Mainstream,Argan Oil,150,Mainstream,VertexFMCG,21.57,15.15,29.76,12,9/4/2026,New,Curly,Men,Teen,Rosemary,Tea Tree,Keratin,Caffeine,No,Yes,Yes,No,No,No
NEW_SKU0075,EarthTress Herbal Rosemary Treatment 500ml,EarthTress,VertexFMCG,Own,Hair Care,Treatment,Premium,Herbal,500,Premium,VertexFMCG,37.39,24.55,34.34,12,9/26/2026,New,Curly,Men,Teen,Rosemary,Biotin,Keratin,Tea Tree,Yes,No,No,No,No,No
NEW_SKU0076,Revynce Argan Oil Caffeine Treatment 650ml,Revynce,VertexFMCG,Own,Hair Care,Treatment,Mainstream,Argan Oil,650,Mainstream,PinnacleCo,22.33,15.38,31.12,12,2/3/2027,New,Curly,Women,Teen,Caffeine,Aloe Vera,Keratin,Tea Tree,No,Yes,No,No,No,No
NEW_SKU0077,GlossRoot Damage Repair Keratin Treatment 250ml,GlossRoot,NimbusLabs,Competitor,Hair Care,Treatment,Economy,Damage Repair,250,Economy,VertexFMCG,10.72,7.08,33.96,24,5/28/2027,New,Thick,Men,Senior,Keratin,Rosemary,Aloe Vera,Collagen,No,Yes,No,No,No,No
NEW_SKU0078,GlossRoot Damage Repair Keratin Treatment 650ml,GlossRoot,TerraChem,Competitor,Hair Care,Treatment,Economy,Damage Repair,650,Economy,VertexFMCG,11.39,8.22,27.83,24,1/28/2027,New,Thick,Unisex,Senior,Keratin,Caffeine,Rosemary,Collagen,Yes,Yes,No,No,No,No
NEW_SKU0079,GlossRoot Damage Repair Keratin Treatment 500ml,GlossRoot,VertexFMCG,Competitor,Hair Care,Treatment,Mainstream,Damage Repair,500,Mainstream,NimbusLabs,26.31,18.1,31.2,12,10/6/2026,New,Thick,Men,Senior,Keratin,Rosemary,Caffeine,Collagen,Yes,No,Yes,No,No,No
NEW_SKU0080,PureMane Damage Repair Aloe Vera Treatment 300ml,PureMane,TerraChem,Competitor,Hair Care,Treatment,Economy,Damage Repair,300,Economy,AuroraMfg,12.95,9.27,28.42,24,11/29/2026,New,Thick,Men,Senior,Aloe Vera,Rosemary,Biotin,Collagen,Yes,No,No,No,No,No
NEW_SKU0081,EarthTress Color Protection Biotin Hair Oil 200ml,EarthTress,AuroraMfg,Own,Hair Care,Hair Oil,Mainstream,Color Protection,200,Mainstream,AuroraMfg,18.46,12.56,31.96,6,4/3/2027,New,Straight,Unisex,Adult,Biotin,Caffeine,Tea Tree,Collagen,No,No,No,No,No,Yes
NEW_SKU0082,EarthTress Color Protection Aloe Vera Hair Oil 500ml,EarthTress,VertexFMCG,Own,Hair Care,Hair Oil,Mainstream,Color Protection,500,Mainstream,TerraChem,18.77,12.22,34.9,6,2/11/2027,New,Curly,Unisex,Teen,Aloe Vera,Caffeine,Collagen,Argan Oil,Yes,No,No,No,No,Yes
NEW_SKU0083,EarthTress Argan Oil Biotin Hair Oil 100ml,EarthTress,PinnacleCo,Own,Hair Care,Hair Oil,Economy,Argan Oil,100,Economy,PinnacleCo,14.09,10.53,25.27,6,9/10/2026,New,Fine,Women,Teen,Biotin,Keratin,Tea Tree,Argan Oil,Yes,No,No,No,No,No
NEW_SKU0084,Velinea Color Protection Rosemary Hair Oil 650ml,Velinea,TerraChem,Own,Hair Care,Hair Oil,Mainstream,Color Protection,650,Mainstream,VertexFMCG,15.86,10.35,34.74,6,11/23/2026,New,Fine,Men,Teen,Rosemary,Caffeine,Tea Tree,Collagen,No,Yes,Yes,No,No,Yes
NEW_SKU0085,SilkenAura Anti Dandruff Rosemary Treatment 250ml,SilkenAura,VertexFMCG,Competitor,Hair Care,Treatment,Mainstream,Anti Dandruff,250,Mainstream,NimbusLabs,21.4,14.09,34.16,12,10/19/2026,New,Thick,Women,Teen,Rosemary,Tea Tree,Keratin,Aloe Vera,Yes,Yes,No,Yes,No,No
NEW_SKU0086,SilkenAura Anti Dandruff Biotin Treatment 650ml,SilkenAura,AuroraMfg,Competitor,Hair Care,Treatment,Mainstream,Anti Dandruff,650,Mainstream,NimbusLabs,24.25,16.61,31.51,12,11/14/2026,New,Thick,Unisex,Senior,Biotin,Rosemary,Keratin,Argan Oil,No,No,No,Yes,No,No
NEW_SKU0087,SilkenAura Biotin Rosemary Treatment 400ml,SilkenAura,VertexFMCG,Competitor,Hair Care,Treatment,Economy,Biotin,400,Economy,TerraChem,12.73,8.63,32.21,24,12/20/2026,New,Thick,Women,Senior,Rosemary,Collagen,Keratin,Argan Oil,No,Yes,Yes,No,No,No
NEW_SKU0088,PureMane Anti Dandruff Keratin Treatment 300ml,PureMane,NimbusLabs,Competitor,Hair Care,Treatment,Mainstream,Anti Dandruff,300,Mainstream,NimbusLabs,19.73,13.02,34.01,24,11/16/2026,New,Thick,Women,Teen,Keratin,Tea Tree,Collagen,Argan Oil,Yes,No,Yes,Yes,No,No
NEW_SKU0089,VitalStrand Biotin Collagen Treatment 100ml,VitalStrand,NimbusLabs,Competitor,Hair Care,Treatment,Mainstream,Biotin,100,Mainstream,AuroraMfg,24.57,16.25,33.86,12,10/26/2026,New,Wavy,Women,Senior,Collagen,Rosemary,Caffeine,Keratin,No,Yes,Yes,No,No,No
NEW_SKU0090,VitalStrand Biotin Collagen Treatment 650ml,VitalStrand,AuroraMfg,Competitor,Hair Care,Treatment,Mainstream,Biotin,650,Mainstream,NimbusLabs,27.19,20.52,24.53,18,4/15/2027,New,Wavy,Unisex,Senior,Collagen,Rosemary,Caffeine,Tea Tree,Yes,Yes,No,No,No,No
NEW_SKU0091,VitalStrand Color Protection Collagen Treatment 250ml,VitalStrand,AuroraMfg,Competitor,Hair Care,Treatment,Premium,Color Protection,250,Premium,PinnacleCo,34.39,25.51,25.82,12,6/24/2027,New,Wavy,Women,Senior,Collagen,Rosemary,Argan Oil,Aloe Vera,Yes,Yes,Yes,No,No,Yes
NEW_SKU0092,GlossRoot Biotin Collagen Treatment 400ml,GlossRoot,PinnacleCo,Competitor,Hair Care,Treatment,Mainstream,Biotin,400,Mainstream,NimbusLabs,19.47,12.55,35.54,12,5/13/2027,New,Wavy,Women,Senior,Collagen,Rosemary,Argan Oil,Biotin,No,Yes,No,No,No,No
NEW_SKU0093,NourishLab Argan Oil Aloe Vera Hair Mask 200ml,NourishLab,VertexFMCG,Competitor,Hair Care,Hair Mask,Premium,Argan Oil,200,Premium,NimbusLabs,39.12,27.29,30.24,24,5/20/2027,New,Straight,Women,Teen,Aloe Vera,Keratin,Rosemary,Tea Tree,Yes,No,Yes,No,No,No
NEW_SKU0094,NourishLab Argan Oil Aloe Vera Hair Mask 300ml,NourishLab,VertexFMCG,Competitor,Hair Care,Hair Mask,Premium,Argan Oil,300,Premium,PinnacleCo,37.14,28.53,23.18,24,9/26/2026,New,Straight,Women,Teen,Aloe Vera,Keratin,Collagen,Tea Tree,Yes,Yes,No,No,No,No
NEW_SKU0095,NourishLab Anti Dandruff Biotin Hair Mask 500ml,NourishLab,NimbusLabs,Competitor,Hair Care,Hair Mask,Mainstream,Anti Dandruff,500,Mainstream,NimbusLabs,15.74,11.08,29.61,24,12/26/2026,New,Straight,Women,Teen,Biotin,Keratin,Argan Oil,Tea Tree,Yes,No,Yes,Yes,No,No
NEW_SKU0096,PureMane Argan Oil Biotin Hair Mask 650ml,PureMane,PinnacleCo,Competitor,Hair Care,Hair Mask,Premium,Argan Oil,650,Premium,VertexFMCG,33.68,25.25,25.03,24,12/25/2026,New,Straight,Women,Teen,Biotin,Argan Oil,Rosemary,Tea Tree,Yes,No,Yes,No,No,No
NEW_SKU0097,Lustra Botanix Anti Dandruff Keratin Conditioner 500ml,Lustra Botanix,NimbusLabs,Own,Hair Care,Conditioner,Mainstream,Anti Dandruff,500,Mainstream,TerraChem,26.59,16.68,37.27,12,11/1/2026,New,Thick,Men,Adult,Keratin,Caffeine,Collagen,Tea Tree,Yes,Yes,Yes,Yes,No,No
NEW_SKU0098,Lustra Botanix Anti Dandruff Keratin Conditioner 150ml,Lustra Botanix,NimbusLabs,Own,Hair Care,Conditioner,Mainstream,Anti Dandruff,150,Mainstream,NimbusLabs,18.75,12.48,33.44,12,2/21/2027,New,Fine,Men,Adult,Keratin,Caffeine,Collagen,Argan Oil,No,Yes,Yes,Yes,No,No
NEW_SKU0099,Lustra Botanix Anti Dandruff Rosemary Conditioner 200ml,Lustra Botanix,TerraChem,Own,Hair Care,Conditioner,Economy,Anti Dandruff,200,Economy,NimbusLabs,11.99,8.03,33.03,12,11/6/2026,New,Thick,Women,Adult,Rosemary,Caffeine,Collagen,Aloe Vera,Yes,Yes,Yes,Yes,No,No
NEW_SKU0100,EarthTress Anti Dandruff Rosemary Conditioner 100ml,EarthTress,NimbusLabs,Own,Hair Care,Conditioner,Mainstream,Anti Dandruff,100,Mainstream,NimbusLabs,24.69,16.57,32.89,12,10/27/2026,New,Straight,Men,Adult,Rosemary,Keratin,Collagen,Aloe Vera,Yes,Yes,Yes,Yes,No,No
NEW_SKU0101,Lustra Botanix Anti Dandruff Rosemary Shampoo 500ml,Lustra Botanix,AuroraMfg,Own,Hair Care,Shampoo,Mainstream,Anti Dandruff,500,Mainstream,TerraChem,25.79,19.49,24.43,6,10/22/2026,New,Thick,Women,Adult,Rosemary,Caffeine,Argan Oil,Aloe Vera,No,Yes,Yes,Yes,No,No
NEW_SKU0102,Lustra Botanix Anti Dandruff Collagen Shampoo 400ml,Lustra Botanix,TerraChem,Own,Hair Care,Shampoo,Mainstream,Anti Dandruff,400,Mainstream,NimbusLabs,17.83,12.46,30.12,18,4/26/2027,New,Thick,Men,Senior,Collagen,Caffeine,Argan Oil,Biotin,Yes,Yes,No,Yes,No,No
NEW_SKU0103,Lustra Botanix Anti Dandruff Rosemary Shampoo 300ml,Lustra Botanix,PinnacleCo,Own,Hair Care,Shampoo,Economy,Anti Dandruff,300,Economy,NimbusLabs,8.56,5.69,33.53,6,12/28/2026,New,Thick,Men,Adult,Rosemary,Caffeine,Tea Tree,Keratin,Yes,No,Yes,Yes,No,No
NEW_SKU0104,EarthTress Anti Dandruff Rosemary Shampoo 150ml,EarthTress,TerraChem,Own,Hair Care,Shampoo,Mainstream,Anti Dandruff,150,Mainstream,PinnacleCo,19.54,14.1,27.84,6,10/2/2026,New,Fine,Men,Adult,Rosemary,Aloe Vera,Tea Tree,Keratin,No,No,No,Yes,No,No
NEW_SKU0105,EarthTress Smoothening Keratin Hair Color 100ml,EarthTress,VertexFMCG,Own,Hair Care,Hair Color,Premium,Smoothening,100,Premium,AuroraMfg,35.42,24.56,30.66,12,3/23/2027,New,Coily,Unisex,Senior,Keratin,Collagen,Rosemary,Caffeine,No,Yes,No,No,No,No
NEW_SKU0106,EarthTress Smoothening Aloe Vera Hair Color 200ml,EarthTress,TerraChem,Own,Hair Care,Hair Color,Premium,Smoothening,200,Premium,PinnacleCo,30.04,20.14,32.96,12,1/27/2027,New,Fine,Women,Senior,Aloe Vera,Argan Oil,Rosemary,Collagen,Yes,No,No,No,No,No
NEW_SKU0107,EarthTress Smoothening Keratin Hair Color 250ml,EarthTress,AuroraMfg,Own,Hair Care,Hair Color,Mainstream,Smoothening,250,Mainstream,NimbusLabs,25.03,18.87,24.61,12,2/7/2027,New,Fine,Unisex,Senior,Keratin,Collagen,Rosemary,Caffeine,Yes,Yes,No,No,No,No
NEW_SKU0108,Revynce Smoothening Aloe Vera Hair Color 150ml,Revynce,AuroraMfg,Own,Hair Care,Hair Color,Premium,Smoothening,150,Premium,VertexFMCG,38.75,26.23,32.31,24,12/17/2026,New,Fine,Unisex,Senior,Aloe Vera,Collagen,Tea Tree,Caffeine,Yes,No,No,No,No,No
NEW_SKU0109,SilkenAura Keratin Tea Tree Conditioner 200ml,SilkenAura,AuroraMfg,Competitor,Hair Care,Conditioner,Economy,Keratin,200,Economy,AuroraMfg,14.93,9.84,34.09,24,3/7/2027,New,Fine,Men,Adult,Tea Tree,Rosemary,Aloe Vera,Caffeine,Yes,No,No,No,No,No
NEW_SKU0110,SilkenAura Keratin Argan Oil Conditioner 650ml,SilkenAura,TerraChem,Competitor,Hair Care,Conditioner,Economy,Keratin,650,Economy,VertexFMCG,12.74,8.78,31.08,6,6/17/2027,New,Fine,Men,Adult,Argan Oil,Collagen,Aloe Vera,Caffeine,Yes,Yes,Yes,No,No,No
NEW_SKU0111,SilkenAura Damage Repair Collagen Conditioner 400ml,SilkenAura,NimbusLabs,Competitor,Hair Care,Conditioner,Mainstream,Damage Repair,400,Mainstream,AuroraMfg,25.5,17.13,32.82,6,5/21/2027,New,Fine,Men,Senior,Collagen,Argan Oil,Aloe Vera,Caffeine,Yes,Yes,No,No,No,No
NEW_SKU0112,GlossRoot Keratin Tea Tree Conditioner 300ml,GlossRoot,NimbusLabs,Competitor,Hair Care,Conditioner,Economy,Keratin,300,Economy,NimbusLabs,13.9,8.55,38.49,24,3/4/2027,New,Fine,Women,Adult,Tea Tree,Biotin,Keratin,Caffeine,No,Yes,Yes,No,No,No
NEW_SKU0113,GlossRoot Sulphate Free Keratin Hair Serum 150ml,GlossRoot,PinnacleCo,Competitor,Hair Care,Hair Serum,Mainstream,Sulphate Free,150,Mainstream,VertexFMCG,24.49,17.9,26.91,6,6/18/2027,New,Straight,Women,Senior,Keratin,Aloe Vera,Collagen,Rosemary,Yes,Yes,Yes,No,No,No
NEW_SKU0114,GlossRoot Sulphate Free Argan Oil Hair Serum 200ml,GlossRoot,NimbusLabs,Competitor,Hair Care,Hair Serum,Mainstream,Sulphate Free,200,Mainstream,PinnacleCo,17.99,12.86,28.52,6,4/6/2027,New,Straight,Women,Senior,Argan Oil,Tea Tree,Collagen,Caffeine,Yes,No,No,No,No,No
NEW_SKU0115,GlossRoot Color Protection Caffeine Hair Serum 400ml,GlossRoot,TerraChem,Competitor,Hair Care,Hair Serum,Economy,Color Protection,400,Economy,NimbusLabs,9.65,6.25,35.23,6,1/16/2027,New,Straight,Women,Senior,Caffeine,Tea Tree,Collagen,Rosemary,Yes,Yes,Yes,No,No,Yes
NEW_SKU0116,PureMane Sulphate Free Keratin Hair Serum 300ml,PureMane,NimbusLabs,Competitor,Hair Care,Hair Serum,Mainstream,Sulphate Free,300,Mainstream,AuroraMfg,20.96,15.3,27.0,6,4/27/2027,New,Straight,Women,Senior,Keratin,Biotin,Collagen,Rosemary,Yes,No,No,No,No,No
NEW_SKU0117,GlossRoot Anti Dandruff Keratin Treatment 300ml,GlossRoot,TerraChem,Competitor,Hair Care,Treatment,Economy,Anti Dandruff,300,Economy,NimbusLabs,12.26,7.65,37.6,24,12/29/2026,New,Curly,Men,Senior,Keratin,Argan Oil,Collagen,Tea Tree,No,Yes,No,Yes,No,No
NEW_SKU0118,GlossRoot Anti Dandruff Aloe Vera Treatment 400ml,GlossRoot,AuroraMfg,Competitor,Hair Care,Treatment,Economy,Anti Dandruff,400,Economy,AuroraMfg,12.24,8.4,31.37,24,2/9/2027,New,Curly,Men,Senior,Aloe Vera,Argan Oil,Collagen,Rosemary,No,Yes,No,Yes,No,No
NEW_SKU0119,GlossRoot Anti Dandruff Biotin Treatment 150ml,GlossRoot,PinnacleCo,Competitor,Hair Care,Treatment,Mainstream,Anti Dandruff,150,Mainstream,NimbusLabs,21.73,14.48,33.36,24,1/9/2027,New,Curly,Women,Senior,Biotin,Keratin,Collagen,Tea Tree,Yes,Yes,No,Yes,No,No
NEW_SKU0120,SilkenAura Anti Dandruff Biotin Treatment Advanced Formula 650ml,SilkenAura,VertexFMCG,Competitor,Hair Care,Treatment,Economy,Anti Dandruff,650,Economy,VertexFMCG,11.3,8.49,24.87,24,5/13/2027,New,Curly,Men,Senior,Biotin,Argan Oil,Aloe Vera,Tea Tree,Yes,No,No,Yes,No,No
NEW_SKU0121,NourishLab Color Protection Collagen Conditioner 500ml,NourishLab,AuroraMfg,Competitor,Hair Care,Conditioner,Economy,Color Protection,500,Economy,AuroraMfg,11.12,8.51,23.47,24,9/18/2026,New,Straight,Men,Teen,Collagen,Tea Tree,Argan Oil,Keratin,Yes,Yes,No,No,No,Yes
NEW_SKU0122,NourishLab Color Protection Biotin Conditioner 100ml,NourishLab,NimbusLabs,Competitor,Hair Care,Conditioner,Economy,Color Protection,100,Economy,AuroraMfg,13.72,8.82,35.71,24,3/14/2027,New,Wavy,Men,Teen,Biotin,Tea Tree,Argan Oil,Rosemary,No,Yes,No,No,No,Yes
NEW_SKU0123,NourishLab Anti Dandruff Collagen Conditioner 200ml,NourishLab,VertexFMCG,Competitor,Hair Care,Conditioner,Mainstream,Anti Dandruff,200,Mainstream,NimbusLabs,25.16,18.5,26.47,24,1/28/2027,New,Straight,Men,Teen,Collagen,Tea Tree,Aloe Vera,Caffeine,Yes,Yes,Yes,Yes,No,No
NEW_SKU0124,GlossRoot Color Protection Collagen Conditioner 300ml,GlossRoot,AuroraMfg,Competitor,Hair Care,Conditioner,Economy,Color Protection,300,Economy,TerraChem,8.64,5.89,31.83,24,5/14/2027,New,Straight,Men,Teen,Collagen,Tea Tree,Aloe Vera,Caffeine,Yes,Yes,Yes,No,No,Yes
NEW_SKU0125,EarthTress Argan Oil Keratin Shampoo 250ml,EarthTress,TerraChem,Own,Hair Care,Shampoo,Mainstream,Argan Oil,250,Mainstream,VertexFMCG,17.66,12.63,28.48,12,5/17/2027,New,Fine,Men,Senior,Keratin,Aloe Vera,Argan Oil,Caffeine,No,Yes,No,No,No,No
NEW_SKU0126,EarthTress Argan Oil Keratin Shampoo 400ml,EarthTress,PinnacleCo,Own,Hair Care,Shampoo,Mainstream,Argan Oil,400,Mainstream,VertexFMCG,18.03,13.15,27.07,24,5/7/2027,New,Thick,Men,Adult,Keratin,Caffeine,Argan Oil,Aloe Vera,Yes,Yes,No,No,No,No
NEW_SKU0127,EarthTress Anti Dandruff Biotin Shampoo 300ml,EarthTress,AuroraMfg,Own,Hair Care,Shampoo,Economy,Anti Dandruff,300,Economy,VertexFMCG,9.96,7.28,26.91,12,6/6/2027,New,Fine,Men,Senior,Biotin,Aloe Vera,Argan Oil,Tea Tree,No,Yes,No,Yes,No,No
NEW_SKU0128,Velinea Argan Oil Keratin Shampoo 650ml,Velinea,NimbusLabs,Own,Hair Care,Shampoo,Mainstream,Argan Oil,650,Mainstream,NimbusLabs,18.02,13.56,24.75,12,5/19/2027,New,Curly,Women,Senior,Keratin,Aloe Vera,Biotin,Tea Tree,Yes,No,Yes,No,No,No
NEW_SKU0129,SilkenAura Smoothening Rosemary Hair Serum 250ml,SilkenAura,VertexFMCG,Competitor,Hair Care,Hair Serum,Premium,Smoothening,250,Premium,NimbusLabs,42.42,27.37,35.48,18,9/29/2026,New,Wavy,Unisex,Adult,Rosemary,Biotin,Tea Tree,Aloe Vera,Yes,No,No,No,No,No
NEW_SKU0130,SilkenAura Smoothening Keratin Hair Serum 650ml,SilkenAura,NimbusLabs,Competitor,Hair Care,Hair Serum,Premium,Smoothening,650,Premium,AuroraMfg,33.9,24.81,26.81,24,2/24/2027,New,Wavy,Men,Adult,Keratin,Biotin,Argan Oil,Caffeine,Yes,Yes,Yes,No,No,No
NEW_SKU0131,SilkenAura Sulphate Free Rosemary Hair Serum 300ml,SilkenAura,AuroraMfg,Competitor,Hair Care,Hair Serum,Mainstream,Sulphate Free,300,Mainstream,TerraChem,27.68,17.72,35.98,12,5/10/2027,New,Fine,Unisex,Adult,Rosemary,Collagen,Tea Tree,Caffeine,Yes,No,Yes,No,No,No
NEW_SKU0132,VitalStrand Smoothening Collagen Hair Serum 100ml,VitalStrand,PinnacleCo,Competitor,Hair Care,Hair Serum,Premium,Smoothening,100,Premium,TerraChem,32.88,23.38,28.89,24,6/10/2027,New,Wavy,Men,Adult,Collagen,Biotin,Tea Tree,Aloe Vera,No,No,Yes,No,No,No
NEW_SKU0133,NourishLab Keratin Caffeine Hair Oil 650ml,NourishLab,NimbusLabs,Competitor,Hair Care,Hair Oil,Economy,Keratin,650,Economy,TerraChem,9.65,6.91,28.39,24,12/31/2026,New,Straight,Unisex,Senior,Caffeine,Collagen,Rosemary,Argan Oil,No,No,Yes,No,No,No
NEW_SKU0134,NourishLab Keratin Caffeine Hair Oil 100ml,NourishLab,AuroraMfg,Competitor,Hair Care,Hair Oil,Economy,Keratin,100,Economy,PinnacleCo,11.3,7.77,31.24,6,5/7/2027,New,Thick,Women,Teen,Caffeine,Argan Oil,Aloe Vera,Biotin,No,No,No,No,No,No
NEW_SKU0135,NourishLab Argan Oil Caffeine Hair Oil 200ml,NourishLab,VertexFMCG,Competitor,Hair Care,Hair Oil,Mainstream,Argan Oil,200,Mainstream,PinnacleCo,19.31,14.87,22.99,24,9/2/2026,New,Straight,Women,Senior,Caffeine,Collagen,Rosemary,Argan Oil,No,Yes,No,No,No,No
NEW_SKU0136,SilkenAura Keratin Caffeine Hair Oil 500ml,SilkenAura,TerraChem,Competitor,Hair Care,Hair Oil,Economy,Keratin,500,Economy,PinnacleCo,14.18,10.07,28.98,24,11/20/2026,New,Straight,Women,Senior,Caffeine,Collagen,Argan Oil,Biotin,Yes,No,Yes,No,No,No
NEW_SKU0137,Lustra Botanix Smoothening Rosemary Hair Oil 400ml,Lustra Botanix,AuroraMfg,Own,Hair Care,Hair Oil,Economy,Smoothening,400,Economy,AuroraMfg,12.13,9.67,20.28,18,12/7/2026,New,Fine,Unisex,Adult,Rosemary,Collagen,Keratin,Tea Tree,Yes,No,No,No,No,No
NEW_SKU0138,Lustra Botanix Smoothening Rosemary Hair Oil 250ml,Lustra Botanix,AuroraMfg,Own,Hair Care,Hair Oil,Economy,Smoothening,250,Economy,PinnacleCo,10.74,7.81,27.28,6,4/14/2027,New,Wavy,Men,Adult,Rosemary,Argan Oil,Aloe Vera,Collagen,Yes,Yes,No,No,No,No
NEW_SKU0139,Lustra Botanix Smoothening Rosemary Hair Oil 150ml,Lustra Botanix,NimbusLabs,Own,Hair Care,Hair Oil,Mainstream,Smoothening,150,Mainstream,AuroraMfg,26.43,18.5,30.0,18,2/15/2027,New,Coily,Men,Adult,Rosemary,Argan Oil,Biotin,Tea Tree,No,No,Yes,No,No,No
NEW_SKU0140,Velinea Smoothening Rosemary Hair Oil 300ml,Velinea,VertexFMCG,Own,Hair Care,Hair Oil,Economy,Smoothening,300,Economy,TerraChem,11.68,8.87,24.06,6,4/2/2027,New,Straight,Men,Adult,Rosemary,Argan Oil,Keratin,Aloe Vera,Yes,No,No,No,No,No
NEW_SKU0141,Revynce Biotin Keratin Shampoo 100ml,Revynce,VertexFMCG,Own,Hair Care,Shampoo,Mainstream,Biotin,100,Mainstream,AuroraMfg,18.0,12.33,31.5,12,5/14/2027,New,Curly,Women,Senior,Keratin,Argan Oil,Tea Tree,Rosemary,Yes,Yes,Yes,No,No,No
NEW_SKU0142,Revynce Biotin Keratin Shampoo 400ml,Revynce,PinnacleCo,Own,Hair Care,Shampoo,Mainstream,Biotin,400,Mainstream,TerraChem,21.85,16.79,23.16,12,12/18/2026,New,Straight,Unisex,Senior,Keratin,Argan Oil,Aloe Vera,Tea Tree,No,Yes,No,No,No,No
NEW_SKU0143,Revynce Biotin Keratin Shampoo 150ml,Revynce,VertexFMCG,Own,Hair Care,Shampoo,Economy,Biotin,150,Economy,VertexFMCG,9.39,5.92,36.95,12,11/10/2026,New,Curly,Women,Senior,Keratin,Argan Oil,Tea Tree,Aloe Vera,No,No,Yes,No,No,No
NEW_SKU0144,EarthTress Biotin Keratin Shampoo 500ml,EarthTress,AuroraMfg,Own,Hair Care,Shampoo,Mainstream,Biotin,500,Mainstream,PinnacleCo,22.33,15.13,32.24,24,10/22/2026,New,Curly,Women,Senior,Keratin,Argan Oil,Tea Tree,Caffeine,No,No,Yes,No,No,No
NEW_SKU0145,VitalStrand Damage Repair Rosemary Shampoo 100ml,VitalStrand,NimbusLabs,Competitor,Hair Care,Shampoo,Economy,Damage Repair,100,Economy,PinnacleCo,13.54,9.48,29.99,12,5/2/2027,New,Fine,Men,Adult,Rosemary,Tea Tree,Biotin,Keratin,No,Yes,No,No,No,No
NEW_SKU0146,VitalStrand Damage Repair Argan Oil Shampoo 200ml,VitalStrand,PinnacleCo,Competitor,Hair Care,Shampoo,Economy,Damage Repair,200,Economy,AuroraMfg,14.98,10.03,33.04,12,6/12/2027,New,Fine,Unisex,Teen,Argan Oil,Aloe Vera,Biotin,Collagen,Yes,Yes,Yes,No,No,No
NEW_SKU0147,VitalStrand Damage Repair Argan Oil Shampoo 250ml,VitalStrand,PinnacleCo,Competitor,Hair Care,Shampoo,Mainstream,Damage Repair,250,Mainstream,NimbusLabs,19.2,12.04,37.29,12,11/10/2026,New,Coily,Women,Teen,Argan Oil,Collagen,Biotin,Keratin,Yes,No,No,No,No,No
NEW_SKU0148,PureMane Damage Repair Aloe Vera Shampoo 650ml,PureMane,TerraChem,Competitor,Hair Care,Shampoo,Economy,Damage Repair,650,Economy,VertexFMCG,10.42,8.1,22.26,12,10/24/2026,New,Fine,Unisex,Teen,Aloe Vera,Tea Tree,Biotin,Keratin,No,Yes,Yes,No,No,No
NEW_SKU0149,EarthTress Smoothening Biotin Hair Color 300ml,EarthTress,NimbusLabs,Own,Hair Care,Hair Color,Premium,Smoothening,300,Premium,NimbusLabs,30.22,22.25,26.37,24,5/12/2027,New,Fine,Men,Teen,Biotin,Keratin,Collagen,Caffeine,No,No,Yes,No,No,No
NEW_SKU0150,EarthTress Smoothening Biotin Hair Color 650ml,EarthTress,NimbusLabs,Own,Hair Care,Hair Color,Premium,Smoothening,650,Premium,VertexFMCG,39.39,29.0,26.38,24,5/17/2027,New,Fine,Unisex,Adult,Biotin,Rosemary,Collagen,Caffeine,No,Yes,No,No,No,No
NEW_SKU0151,EarthTress Sulphate Free Rosemary Hair Color 200ml,EarthTress,TerraChem,Own,Hair Care,Hair Color,Mainstream,Sulphate Free,200,Mainstream,PinnacleCo,16.64,11.38,31.61,24,4/12/2027,New,Fine,Women,Teen,Rosemary,Keratin,Argan Oil,Caffeine,Yes,No,Yes,No,No,No
NEW_SKU0152,Lustra Botanix Smoothening Rosemary Hair Color 500ml,Lustra Botanix,PinnacleCo,Own,Hair Care,Hair Color,Premium,Smoothening,500,Premium,TerraChem,37.14,25.39,31.64,6,2/21/2027,New,Fine,Men,Senior,Rosemary,Keratin,Aloe Vera,Biotin,No,Yes,No,No,No,No
NEW_SKU0153,VitalStrand Color Protection Collagen Hair Oil 400ml,VitalStrand,PinnacleCo,Competitor,Hair Care,Hair Oil,Mainstream,Color Protection,400,Mainstream,TerraChem,16.34,10.9,33.29,18,4/29/2027,New,Coily,Men,Teen,Collagen,Argan Oil,Caffeine,Aloe Vera,No,Yes,No,No,No,Yes
NEW_SKU0154,VitalStrand Color Protection Tea Tree Hair Oil 200ml,VitalStrand,VertexFMCG,Competitor,Hair Care,Hair Oil,Mainstream,Color Protection,200,Mainstream,TerraChem,22.49,15.82,29.66,18,5/24/2027,New,Coily,Women,Teen,Tea Tree,Keratin,Caffeine,Aloe Vera,No,Yes,Yes,No,No,Yes
NEW_SKU0155,VitalStrand Color Protection Biotin Hair Oil 100ml,VitalStrand,VertexFMCG,Competitor,Hair Care,Hair Oil,Premium,Color Protection,100,Premium,VertexFMCG,40.97,29.21,28.7,18,11/17/2026,New,Coily,Unisex,Adult,Biotin,Argan Oil,Rosemary,Aloe Vera,No,Yes,No,No,No,Yes
NEW_SKU0156,SilkenAura Color Protection Collagen Hair Oil 500ml,SilkenAura,NimbusLabs,Competitor,Hair Care,Hair Oil,Mainstream,Color Protection,500,Mainstream,PinnacleCo,27.93,19.6,29.82,18,6/16/2027,New,Coily,Women,Teen,Collagen,Argan Oil,Caffeine,Aloe Vera,Yes,Yes,Yes,No,No,Yes
NEW_SKU0157,Velinea Argan Oil Rosemary Hair Mask 100ml,Velinea,VertexFMCG,Own,Hair Care,Hair Mask,Premium,Argan Oil,100,Premium,NimbusLabs,39.06,25.69,34.23,6,6/6/2027,New,Curly,Unisex,Teen,Rosemary,Collagen,Tea Tree,Biotin,No,No,No,No,No,No
NEW_SKU0158,Velinea Argan Oil Rosemary Hair Mask 650ml,Velinea,NimbusLabs,Own,Hair Care,Hair Mask,Premium,Argan Oil,650,Premium,AuroraMfg,37.1,26.91,27.47,6,10/2/2026,New,Wavy,Unisex,Senior,Rosemary,Caffeine,Tea Tree,Keratin,Yes,Yes,Yes,No,No,No
NEW_SKU0159,Velinea Sulphate Free Rosemary Hair Mask 150ml,Velinea,PinnacleCo,Own,Hair Care,Hair Mask,Mainstream,Sulphate Free,150,Mainstream,VertexFMCG,17.21,11.86,31.09,12,5/14/2027,New,Wavy,Unisex,Senior,Rosemary,Collagen,Tea Tree,Biotin,Yes,Yes,Yes,No,No,No
NEW_SKU0160,Revynce Argan Oil Keratin Hair Mask 400ml,Revynce,VertexFMCG,Own,Hair Care,Hair Mask,Premium,Argan Oil,400,Premium,VertexFMCG,31.88,23.21,27.2,6,5/12/2027,New,Straight,Unisex,Adult,Keratin,Collagen,Tea Tree,Argan Oil,No,Yes,Yes,No,No,No
NEW_SKU0161,SilkenAura Biotin Caffeine Hair Color 200ml,SilkenAura,AuroraMfg,Competitor,Hair Care,Hair Color,Premium,Biotin,200,Premium,PinnacleCo,31.81,20.8,34.61,12,12/25/2026,New,Coily,Men,Teen,Caffeine,Rosemary,Collagen,Keratin,No,No,No,No,No,No
NEW_SKU0162,SilkenAura Biotin Caffeine Hair Color 650ml,SilkenAura,TerraChem,Competitor,Hair Care,Hair Color,Premium,Biotin,650,Premium,TerraChem,43.24,26.56,38.58,12,5/27/2027,New,Coily,Men,Adult,Caffeine,Rosemary,Argan Oil,Collagen,No,Yes,Yes,No,No,No
NEW_SKU0163,SilkenAura Biotin Caffeine Hair Color 250ml,SilkenAura,AuroraMfg,Competitor,Hair Care,Hair Color,Mainstream,Biotin,250,Mainstream,PinnacleCo,23.93,17.84,25.45,12,12/18/2026,New,Coily,Men,Adult,Caffeine,Aloe Vera,Collagen,Tea Tree,No,Yes,No,No,No,No
NEW_SKU0164,PureMane Biotin Caffeine Hair Color 100ml,PureMane,VertexFMCG,Competitor,Hair Care,Hair Color,Premium,Biotin,100,Premium,NimbusLabs,36.5,24.37,33.23,12,5/4/2027,New,Coily,Men,Teen,Caffeine,Aloe Vera,Biotin,Tea Tree,No,Yes,No,No,No,No
NEW_SKU0165,PureMane Herbal Rosemary Conditioner 200ml,PureMane,TerraChem,Competitor,Hair Care,Conditioner,Economy,Herbal,200,Economy,AuroraMfg,14.54,10.67,26.62,18,5/15/2027,New,Thick,Unisex,Adult,Rosemary,Aloe Vera,Keratin,Biotin,No,Yes,No,No,No,No
NEW_SKU0166,PureMane Herbal Rosemary Conditioner 250ml,PureMane,TerraChem,Competitor,Hair Care,Conditioner,Economy,Herbal,250,Economy,VertexFMCG,10.99,8.01,27.12,18,4/10/2027,New,Thick,Men,Adult,Rosemary,Keratin,Collagen,Caffeine,Yes,No,No,No,No,No
NEW_SKU0167,PureMane Herbal Rosemary Conditioner 400ml,PureMane,NimbusLabs,Competitor,Hair Care,Conditioner,Mainstream,Herbal,400,Mainstream,TerraChem,26.96,18.87,30.01,18,10/22/2026,New,Coily,Men,Adult,Rosemary,Aloe Vera,Keratin,Biotin,Yes,Yes,No,No,No,No
NEW_SKU0168,GlossRoot Herbal Keratin Conditioner 100ml,GlossRoot,PinnacleCo,Competitor,Hair Care,Conditioner,Economy,Herbal,100,Economy,PinnacleCo,11.93,8.77,26.49,18,3/15/2027,New,Wavy,Unisex,Adult,Keratin,Tea Tree,Collagen,Biotin,Yes,No,Yes,No,No,No
NEW_SKU0169,SilkenAura Rosemary Biotin Treatment 150ml,SilkenAura,AuroraMfg,Competitor,Hair Care,Treatment,Economy,Rosemary,150,Economy,PinnacleCo,9.02,6.09,32.48,6,11/20/2026,New,Coily,Women,Senior,Biotin,Caffeine,Aloe Vera,Tea Tree,No,Yes,Yes,No,No,No
NEW_SKU0170,SilkenAura Rosemary Biotin Treatment 650ml,SilkenAura,PinnacleCo,Competitor,Hair Care,Treatment,Economy,Rosemary,650,Economy,AuroraMfg,14.85,10.0,32.66,6,5/26/2027,New,Fine,Unisex,Teen,Biotin,Caffeine,Aloe Vera,Keratin,Yes,No,Yes,No,No,No
NEW_SKU0171,SilkenAura Damage Repair Biotin Treatment 500ml,SilkenAura,VertexFMCG,Competitor,Hair Care,Treatment,Mainstream,Damage Repair,500,Mainstream,TerraChem,17.53,12.05,31.26,18,10/29/2026,New,Coily,Unisex,Senior,Biotin,Aloe Vera,Collagen,Tea Tree,No,No,Yes,No,No,No
NEW_SKU0172,VitalStrand Rosemary Biotin Treatment 250ml,VitalStrand,VertexFMCG,Competitor,Hair Care,Treatment,Economy,Rosemary,250,Economy,NimbusLabs,9.23,6.62,28.28,6,1/18/2027,New,Coily,Unisex,Teen,Biotin,Caffeine,Collagen,Aloe Vera,No,No,No,No,No,No
NEW_SKU0173,PureMane Anti Dandruff Collagen Hair Mask 100ml,PureMane,PinnacleCo,Competitor,Hair Care,Hair Mask,Premium,Anti Dandruff,100,Premium,VertexFMCG,32.43,24.11,25.66,6,1/2/2027,New,Wavy,Men,Adult,Collagen,Caffeine,Keratin,Rosemary,No,No,Yes,Yes,No,No
NEW_SKU0174,PureMane Anti Dandruff Aloe Vera Hair Mask 150ml,PureMane,NimbusLabs,Competitor,Hair Care,Hair Mask,Premium,Anti Dandruff,150,Premium,AuroraMfg,31.82,22.52,29.23,6,1/13/2027,New,Thick,Men,Adult,Aloe Vera,Biotin,Keratin,Tea Tree,Yes,Yes,No,Yes,No,No
NEW_SKU0175,PureMane Argan Oil Collagen Hair Mask 400ml,PureMane,AuroraMfg,Competitor,Hair Care,Hair Mask,Mainstream,Argan Oil,400,Mainstream,VertexFMCG,22.15,15.8,28.67,6,1/1/2027,New,Wavy,Men,Senior,Collagen,Caffeine,Keratin,Argan Oil,No,Yes,No,No,No,No
NEW_SKU0176,SilkenAura Anti Dandruff Collagen Hair Mask 300ml,SilkenAura,NimbusLabs,Competitor,Hair Care,Hair Mask,Premium,Anti Dandruff,300,Premium,NimbusLabs,38.53,26.22,31.95,6,2/18/2027,New,Wavy,Men,Adult,Collagen,Biotin,Aloe Vera,Tea Tree,Yes,No,No,Yes,No,No
NEW_SKU0177,Velinea Color Protection Caffeine Hair Oil 150ml,Velinea,NimbusLabs,Own,Hair Care,Hair Oil,Mainstream,Color Protection,150,Mainstream,TerraChem,26.92,21.85,18.83,18,12/3/2026,New,Thick,Men,Senior,Caffeine,Aloe Vera,Keratin,Tea Tree,Yes,Yes,No,No,No,Yes
NEW_SKU0178,Velinea Color Protection Collagen Hair Oil 200ml,Velinea,TerraChem,Own,Hair Care,Hair Oil,Mainstream,Color Protection,200,Mainstream,TerraChem,15.83,11.04,30.26,18,4/5/2027,New,Coily,Men,Adult,Collagen,Biotin,Aloe Vera,Tea Tree,No,No,No,No,No,Yes
NEW_SKU0179,Velinea Color Protection Collagen Hair Oil 400ml,Velinea,PinnacleCo,Own,Hair Care,Hair Oil,Premium,Color Protection,400,Premium,PinnacleCo,28.97,20.51,29.2,18,1/7/2027,New,Coily,Men,Senior,Collagen,Aloe Vera,Rosemary,Tea Tree,Yes,No,No,No,No,Yes
NEW_SKU0180,Revynce Color Protection Collagen Hair Oil 500ml,Revynce,AuroraMfg,Own,Hair Care,Hair Oil,Mainstream,Color Protection,500,Mainstream,NimbusLabs,26.17,16.9,35.42,6,12/10/2026,New,Coily,Unisex,Adult,Collagen,Aloe Vera,Argan Oil,Caffeine,No,No,No,No,No,Yes
NEW_SKU0181,SilkenAura Anti Hair Fall Biotin Hair Oil 400ml,SilkenAura,PinnacleCo,Competitor,Hair Care,Hair Oil,Mainstream,Anti Hair Fall,400,Mainstream,NimbusLabs,24.84,17.82,28.26,6,6/25/2027,New,Curly,Women,Teen,Biotin,Collagen,Argan Oil,Tea Tree,Yes,No,No,No,Yes,No
NEW_SKU0182,SilkenAura Anti Hair Fall Argan Oil Hair Oil 100ml,SilkenAura,TerraChem,Competitor,Hair Care,Hair Oil,Mainstream,Anti Hair Fall,100,Mainstream,PinnacleCo,23.68,17.77,24.96,6,3/31/2027,New,Coily,Men,Adult,Argan Oil,Keratin,Rosemary,Tea Tree,No,Yes,Yes,No,Yes,No
NEW_SKU0183,SilkenAura Anti Hair Fall Aloe Vera Hair Oil 650ml,SilkenAura,NimbusLabs,Competitor,Hair Care,Hair Oil,Economy,Anti Hair Fall,650,Economy,AuroraMfg,13.84,10.52,23.99,18,9/18/2026,New,Curly,Women,Adult,Aloe Vera,Keratin,Argan Oil,Tea Tree,No,Yes,Yes,No,Yes,No
NEW_SKU0184,VitalStrand Anti Hair Fall Aloe Vera Hair Oil 250ml,VitalStrand,NimbusLabs,Competitor,Hair Care,Hair Oil,Mainstream,Anti Hair Fall,250,Mainstream,NimbusLabs,23.2,15.88,31.55,6,5/17/2027,New,Fine,Women,Adult,Aloe Vera,Caffeine,Argan Oil,Tea Tree,Yes,No,No,No,Yes,No
NEW_SKU0185,GlossRoot Damage Repair Caffeine Treatment 650ml,GlossRoot,TerraChem,Competitor,Hair Care,Treatment,Economy,Damage Repair,650,Economy,VertexFMCG,13.48,9.13,32.27,18,6/22/2027,New,Thick,Women,Adult,Caffeine,Aloe Vera,Keratin,Biotin,No,No,No,No,No,No
NEW_SKU0186,GlossRoot Damage Repair Collagen Treatment 500ml,GlossRoot,AuroraMfg,Competitor,Hair Care,Treatment,Economy,Damage Repair,500,Economy,NimbusLabs,10.22,7.38,27.79,24,4/27/2027,New,Thick,Women,Adult,Collagen,Tea Tree,Keratin,Argan Oil,Yes,Yes,No,No,No,No
NEW_SKU0187,GlossRoot Argan Oil Collagen Treatment 400ml,GlossRoot,NimbusLabs,Competitor,Hair Care,Treatment,Mainstream,Argan Oil,400,Mainstream,AuroraMfg,27.34,20.28,25.82,24,9/20/2026,New,Thick,Unisex,Teen,Collagen,Aloe Vera,Keratin,Tea Tree,No,Yes,Yes,No,No,No
NEW_SKU0188,VitalStrand Damage Repair Collagen Treatment 250ml,VitalStrand,NimbusLabs,Competitor,Hair Care,Treatment,Economy,Damage Repair,250,Economy,VertexFMCG,10.74,7.5,30.17,24,11/10/2026,New,Thick,Men,Adult,Collagen,Caffeine,Keratin,Tea Tree,Yes,Yes,Yes,No,No,No
NEW_SKU0189,Revynce Anti Dandruff Aloe Vera Shampoo 500ml,Revynce,PinnacleCo,Own,Hair Care,Shampoo,Mainstream,Anti Dandruff,500,Mainstream,NimbusLabs,17.89,12.49,30.18,12,1/26/2027,New,Wavy,Women,Teen,Aloe Vera,Tea Tree,Biotin,Collagen,Yes,Yes,Yes,Yes,No,No
NEW_SKU0190,Revynce Anti Dandruff Aloe Vera Shampoo 650ml,Revynce,AuroraMfg,Own,Hair Care,Shampoo,Mainstream,Anti Dandruff,650,Mainstream,AuroraMfg,24.19,18.86,22.03,24,1/21/2027,New,Wavy,Women,Adult,Aloe Vera,Rosemary,Caffeine,Collagen,Yes,Yes,No,Yes,No,No
NEW_SKU0191,Revynce Biotin Aloe Vera Shampoo 400ml,Revynce,NimbusLabs,Own,Hair Care,Shampoo,Premium,Biotin,400,Premium,VertexFMCG,30.78,20.7,32.75,18,5/12/2027,New,Thick,Women,Senior,Aloe Vera,Tea Tree,Keratin,Argan Oil,Yes,Yes,No,No,No,No
NEW_SKU0192,Lustra Botanix Anti Dandruff Aloe Vera Shampoo 300ml,Lustra Botanix,TerraChem,Own,Hair Care,Shampoo,Mainstream,Anti Dandruff,300,Mainstream,AuroraMfg,22.59,15.76,30.23,18,4/22/2027,New,Thick,Unisex,Senior,Aloe Vera,Argan Oil,Keratin,Collagen,No,No,Yes,Yes,No,No
NEW_SKU0193,VitalStrand Sulphate Free Tea Tree Conditioner 400ml,VitalStrand,NimbusLabs,Competitor,Hair Care,Conditioner,Mainstream,Sulphate Free,400,Mainstream,TerraChem,16.44,11.75,28.53,18,5/24/2027,New,Thick,Unisex,Senior,Tea Tree,Aloe Vera,Argan Oil,Biotin,Yes,No,No,No,No,No
NEW_SKU0194,VitalStrand Sulphate Free Tea Tree Conditioner 250ml,VitalStrand,TerraChem,Competitor,Hair Care,Conditioner,Mainstream,Sulphate Free,250,Mainstream,TerraChem,21.9,15.49,29.27,18,12/8/2026,New,Thick,Unisex,Senior,Tea Tree,Collagen,Caffeine,Biotin,Yes,Yes,No,No,No,No
NEW_SKU0195,VitalStrand Damage Repair Tea Tree Conditioner 650ml,VitalStrand,NimbusLabs,Competitor,Hair Care,Conditioner,Premium,Damage Repair,650,Premium,TerraChem,42.0,31.09,25.98,24,3/19/2027,New,Thick,Unisex,Teen,Tea Tree,Aloe Vera,Argan Oil,Biotin,No,No,Yes,No,No,No
NEW_SKU0196,SilkenAura Sulphate Free Tea Tree Conditioner 100ml,SilkenAura,VertexFMCG,Competitor,Hair Care,Conditioner,Mainstream,Sulphate Free,100,Mainstream,VertexFMCG,21.1,15.51,26.49,18,11/6/2026,New,Thick,Unisex,Senior,Tea Tree,Rosemary,Argan Oil,Collagen,Yes,Yes,No,No,No,No
NEW_SKU0197,GlossRoot Argan Oil Biotin Conditioner 650ml,GlossRoot,VertexFMCG,Competitor,Hair Care,Conditioner,Economy,Argan Oil,650,Economy,NimbusLabs,14.46,10.8,25.31,24,9/17/2026,New,Fine,Men,Teen,Biotin,Argan Oil,Collagen,Rosemary,No,Yes,Yes,No,No,No
NEW_SKU0198,GlossRoot Argan Oil Caffeine Conditioner 200ml,GlossRoot,AuroraMfg,Competitor,Hair Care,Conditioner,Economy,Argan Oil,200,Economy,NimbusLabs,12.03,8.16,32.17,24,11/11/2026,New,Coily,Unisex,Teen,Caffeine,Aloe Vera,Collagen,Rosemary,Yes,Yes,No,No,No,No
NEW_SKU0199,GlossRoot Argan Oil Keratin Conditioner 150ml,GlossRoot,TerraChem,Competitor,Hair Care,Conditioner,Mainstream,Argan Oil,150,Mainstream,TerraChem,17.37,11.22,35.41,12,11/23/2026,New,Fine,Unisex,Teen,Keratin,Argan Oil,Biotin,Rosemary,No,Yes,No,No,No,No
NEW_SKU0200,VitalStrand Argan Oil Keratin Conditioner 100ml,VitalStrand,AuroraMfg,Competitor,Hair Care,Conditioner,Economy,Argan Oil,100,Economy,AuroraMfg,7.46,5.08,31.9,24,5/17/2027,New,Fine,Unisex,Teen,Keratin,Argan Oil,Caffeine,Rosemary,Yes,No,No,No,No,No
NEW_SKU0201,Velinea Damage Repair Caffeine Conditioner 100ml,Velinea,VertexFMCG,Own,Hair Care,Conditioner,Economy,Damage Repair,100,Economy,PinnacleCo,11.7,7.57,35.3,12,9/1/2026,New,Straight,Unisex,Senior,Caffeine,Argan Oil,Collagen,Keratin,Yes,Yes,Yes,No,No,No
NEW_SKU0202,Velinea Damage Repair Caffeine Conditioner 150ml,Velinea,NimbusLabs,Own,Hair Care,Conditioner,Economy,Damage Repair,150,Economy,AuroraMfg,12.12,7.81,35.56,12,11/12/2026,New,Fine,Men,Senior,Caffeine,Biotin,Collagen,Argan Oil,Yes,No,Yes,No,No,No
NEW_SKU0203,Velinea Damage Repair Caffeine Conditioner 650ml,Velinea,NimbusLabs,Own,Hair Care,Conditioner,Mainstream,Damage Repair,650,Mainstream,AuroraMfg,17.92,13.75,23.27,12,2/7/2027,New,Fine,Men,Senior,Caffeine,Tea Tree,Biotin,Keratin,No,No,Yes,No,No,No
NEW_SKU0204,Revynce Damage Repair Caffeine Conditioner 400ml,Revynce,AuroraMfg,Own,Hair Care,Conditioner,Economy,Damage Repair,400,Economy,TerraChem,11.97,8.81,26.4,12,11/12/2026,New,Fine,Men,Senior,Caffeine,Tea Tree,Biotin,Keratin,No,No,No,No,No,No
NEW_SKU0205,NourishLab Argan Oil Tea Tree Treatment 200ml,NourishLab,PinnacleCo,Competitor,Hair Care,Treatment,Mainstream,Argan Oil,200,Mainstream,NimbusLabs,15.91,11.76,26.08,6,3/21/2027,New,Thick,Women,Adult,Tea Tree,Caffeine,Argan Oil,Keratin,Yes,No,Yes,No,No,No
NEW_SKU0206,NourishLab Argan Oil Aloe Vera Treatment 500ml,NourishLab,TerraChem,Competitor,Hair Care,Treatment,Mainstream,Argan Oil,500,Mainstream,AuroraMfg,23.1,15.12,34.55,6,4/26/2027,New,Thick,Women,Adult,Aloe Vera,Collagen,Argan Oil,Rosemary,Yes,No,No,No,No,No
NEW_SKU0207,NourishLab Anti Dandruff Aloe Vera Treatment 100ml,NourishLab,VertexFMCG,Competitor,Hair Care,Treatment,Economy,Anti Dandruff,100,Economy,NimbusLabs,7.46,4.67,37.4,18,5/31/2027,New,Thick,Women,Adult,Aloe Vera,Tea Tree,Argan Oil,Keratin,No,Yes,No,Yes,No,No
NEW_SKU0208,PureMane Argan Oil Aloe Vera Treatment 300ml,PureMane,PinnacleCo,Competitor,Hair Care,Treatment,Mainstream,Argan Oil,300,Mainstream,VertexFMCG,15.67,11.15,28.84,6,4/8/2027,New,Thick,Women,Senior,Aloe Vera,Caffeine,Argan Oil,Biotin,Yes,No,No,No,No,No
NEW_SKU0209,Revynce Keratin Keratin Treatment 400ml,Revynce,PinnacleCo,Own,Hair Care,Treatment,Mainstream,Keratin,400,Mainstream,NimbusLabs,20.42,14.81,27.47,18,9/30/2026,New,Fine,Unisex,Senior,Keratin,Caffeine,Tea Tree,Rosemary,Yes,Yes,No,No,No,No
NEW_SKU0210,Revynce Keratin Aloe Vera Treatment 150ml,Revynce,VertexFMCG,Own,Hair Care,Treatment,Mainstream,Keratin,150,Mainstream,AuroraMfg,21.04,12.93,38.55,18,2/22/2027,New,Thick,Unisex,Senior,Aloe Vera,Keratin,Tea Tree,Rosemary,Yes,Yes,Yes,No,No,No
NEW_SKU0211,Revynce Keratin Collagen Treatment 200ml,Revynce,TerraChem,Own,Hair Care,Treatment,Premium,Keratin,200,Premium,NimbusLabs,40.88,28.44,30.43,18,2/14/2027,New,Coily,Unisex,Adult,Collagen,Caffeine,Tea Tree,Keratin,Yes,Yes,Yes,No,No,No
NEW_SKU0212,EarthTress Keratin Collagen Treatment 650ml,EarthTress,TerraChem,Own,Hair Care,Treatment,Mainstream,Keratin,650,Mainstream,NimbusLabs,23.93,14.97,37.44,18,4/10/2027,New,Fine,Men,Senior,Collagen,Caffeine,Tea Tree,Biotin,No,Yes,No,No,No,No
NEW_SKU0213,Lustra Botanix Anti Hair Fall Rosemary Conditioner 300ml,Lustra Botanix,VertexFMCG,Own,Hair Care,Conditioner,Economy,Anti Hair Fall,300,Economy,NimbusLabs,7.37,4.79,35.01,12,10/4/2026,New,Coily,Unisex,Senior,Rosemary,Argan Oil,Caffeine,Collagen,No,Yes,Yes,No,Yes,No
NEW_SKU0214,Lustra Botanix Anti Hair Fall Keratin Conditioner 400ml,Lustra Botanix,AuroraMfg,Own,Hair Care,Conditioner,Economy,Anti Hair Fall,400,Economy,PinnacleCo,14.32,10.66,25.56,18,12/6/2026,New,Wavy,Unisex,Senior,Keratin,Aloe Vera,Caffeine,Argan Oil,Yes,Yes,No,No,Yes,No
NEW_SKU0215,Lustra Botanix Argan Oil Biotin Conditioner 200ml,Lustra Botanix,PinnacleCo,Own,Hair Care,Conditioner,Mainstream,Argan Oil,200,Mainstream,TerraChem,21.93,15.32,30.14,18,12/2/2026,New,Coily,Unisex,Senior,Biotin,Aloe Vera,Caffeine,Collagen,Yes,No,Yes,No,No,No
NEW_SKU0216,EarthTress Anti Hair Fall Biotin Conditioner 150ml,EarthTress,VertexFMCG,Own,Hair Care,Conditioner,Economy,Anti Hair Fall,150,Economy,TerraChem,11.66,7.86,32.59,24,2/26/2027,New,Coily,Women,Senior,Biotin,Aloe Vera,Tea Tree,Collagen,No,Yes,Yes,No,Yes,No
NEW_SKU0217,PureMane Argan Oil Argan Oil Hair Oil 100ml,PureMane,NimbusLabs,Competitor,Hair Care,Hair Oil,Mainstream,Argan Oil,100,Mainstream,VertexFMCG,20.07,13.87,30.89,6,5/17/2027,New,Curly,Men,Senior,Argan Oil,Rosemary,Tea Tree,Aloe Vera,Yes,Yes,Yes,No,No,No
NEW_SKU0218,PureMane Argan Oil Argan Oil Hair Oil 250ml,PureMane,VertexFMCG,Competitor,Hair Care,Hair Oil,Mainstream,Argan Oil,250,Mainstream,PinnacleCo,20.16,13.78,31.65,18,10/3/2026,New,Curly,Unisex,Senior,Argan Oil,Rosemary,Aloe Vera,Caffeine,Yes,No,No,No,No,No
NEW_SKU0219,PureMane Anti Hair Fall Argan Oil Hair Oil 650ml,PureMane,TerraChem,Competitor,Hair Care,Hair Oil,Premium,Anti Hair Fall,650,Premium,PinnacleCo,34.95,24.27,30.56,18,3/31/2027,New,Curly,Unisex,Adult,Argan Oil,Rosemary,Keratin,Tea Tree,Yes,No,No,No,Yes,No
NEW_SKU0220,SilkenAura Argan Oil Argan Oil Hair Oil 150ml,SilkenAura,VertexFMCG,Competitor,Hair Care,Hair Oil,Mainstream,Argan Oil,150,Mainstream,NimbusLabs,24.27,15.75,35.11,6,12/13/2026,New,Curly,Unisex,Senior,Argan Oil,Caffeine,Keratin,Aloe Vera,No,Yes,No,No,No,No
NEW_SKU0221,PureMane Biotin Argan Oil Conditioner 200ml,PureMane,TerraChem,Competitor,Hair Care,Conditioner,Economy,Biotin,200,Economy,PinnacleCo,14.22,9.64,32.21,24,12/13/2026,New,Wavy,Men,Adult,Argan Oil,Caffeine,Keratin,Rosemary,Yes,No,Yes,No,No,No
NEW_SKU0222,PureMane Biotin Tea Tree Conditioner 100ml,PureMane,PinnacleCo,Competitor,Hair Care,Conditioner,Economy,Biotin,100,Economy,NimbusLabs,9.48,6.7,29.32,18,11/7/2026,New,Wavy,Unisex,Adult,Tea Tree,Caffeine,Keratin,Rosemary,Yes,No,Yes,No,No,No
NEW_SKU0223,PureMane Anti Dandruff Tea Tree Conditioner 250ml,PureMane,VertexFMCG,Competitor,Hair Care,Conditioner,Mainstream,Anti Dandruff,250,Mainstream,PinnacleCo,22.04,15.93,27.72,24,1/17/2027,New,Wavy,Women,Adult,Tea Tree,Caffeine,Collagen,Rosemary,Yes,No,Yes,Yes,No,No
NEW_SKU0224,NourishLab Biotin Argan Oil Conditioner 150ml,NourishLab,AuroraMfg,Competitor,Hair Care,Conditioner,Economy,Biotin,150,Economy,PinnacleCo,9.79,7.8,20.33,24,12/21/2026,New,Wavy,Women,Adult,Argan Oil,Tea Tree,Collagen,Rosemary,Yes,No,No,No,No,No
NEW_SKU0225,GlossRoot Biotin Caffeine Hair Serum 100ml,GlossRoot,PinnacleCo,Competitor,Hair Care,Hair Serum,Mainstream,Biotin,100,Mainstream,TerraChem,15.6,11.15,28.53,12,6/3/2027,New,Coily,Women,Teen,Caffeine,Argan Oil,Biotin,Tea Tree,Yes,Yes,Yes,No,No,No
NEW_SKU0226,GlossRoot Biotin Caffeine Hair Serum 500ml,GlossRoot,TerraChem,Competitor,Hair Care,Hair Serum,Mainstream,Biotin,500,Mainstream,TerraChem,23.74,14.24,40.02,12,6/19/2027,New,Curly,Men,Teen,Caffeine,Aloe Vera,Biotin,Collagen,Yes,No,Yes,No,No,No
NEW_SKU0227,GlossRoot Biotin Caffeine Hair Serum 650ml,GlossRoot,NimbusLabs,Competitor,Hair Care,Hair Serum,Economy,Biotin,650,Economy,AuroraMfg,9.64,6.79,29.56,12,5/25/2027,New,Coily,Men,Teen,Caffeine,Argan Oil,Biotin,Collagen,Yes,No,No,No,No,No
NEW_SKU0228,PureMane Biotin Aloe Vera Hair Serum 250ml,PureMane,VertexFMCG,Competitor,Hair Care,Hair Serum,Mainstream,Biotin,250,Mainstream,NimbusLabs,20.48,14.37,29.83,12,11/8/2026,New,Thick,Women,Teen,Aloe Vera,Tea Tree,Biotin,Keratin,No,Yes,Yes,No,No,No
NEW_SKU0229,Revynce Sulphate Free Aloe Vera Hair Mask 200ml,Revynce,TerraChem,Own,Hair Care,Hair Mask,Mainstream,Sulphate Free,200,Mainstream,NimbusLabs,20.24,13.16,34.98,12,3/14/2027,New,Fine,Unisex,Adult,Aloe Vera,Collagen,Tea Tree,Argan Oil,Yes,No,No,No,No,No
NEW_SKU0230,Revynce Sulphate Free Aloe Vera Hair Mask 400ml,Revynce,TerraChem,Own,Hair Care,Hair Mask,Mainstream,Sulphate Free,400,Mainstream,TerraChem,25.4,17.67,30.43,6,12/30/2026,New,Fine,Unisex,Teen,Aloe Vera,Rosemary,Tea Tree,Biotin,Yes,No,No,No,No,No
NEW_SKU0231,Revynce Sulphate Free Biotin Hair Mask 650ml,Revynce,VertexFMCG,Own,Hair Care,Hair Mask,Economy,Sulphate Free,650,Economy,NimbusLabs,13.59,8.9,34.51,6,12/24/2026,New,Fine,Unisex,Adult,Biotin,Caffeine,Tea Tree,Argan Oil,Yes,No,Yes,No,No,No
NEW_SKU0232,Lustra Botanix Sulphate Free Collagen Hair Mask 150ml,Lustra Botanix,VertexFMCG,Own,Hair Care,Hair Mask,Mainstream,Sulphate Free,150,Mainstream,AuroraMfg,17.31,12.91,25.42,12,2/11/2027,New,Fine,Unisex,Teen,Collagen,Caffeine,Biotin,Argan Oil,Yes,No,No,No,No,No
NEW_SKU0233,NourishLab Argan Oil Biotin Shampoo 150ml,NourishLab,AuroraMfg,Competitor,Hair Care,Shampoo,Economy,Argan Oil,150,Economy,AuroraMfg,13.04,8.63,33.82,6,1/31/2027,New,Straight,Unisex,Teen,Biotin,Aloe Vera,Argan Oil,Rosemary,No,No,No,No,No,No
NEW_SKU0234,NourishLab Argan Oil Biotin Shampoo 250ml,NourishLab,AuroraMfg,Competitor,Hair Care,Shampoo,Economy,Argan Oil,250,Economy,VertexFMCG,10.79,7.51,30.4,6,12/7/2026,New,Straight,Women,Teen,Biotin,Caffeine,Keratin,Collagen,No,Yes,No,No,No,No
NEW_SKU0235,NourishLab Argan Oil Biotin Shampoo 500ml,NourishLab,TerraChem,Competitor,Hair Care,Shampoo,Mainstream,Argan Oil,500,Mainstream,VertexFMCG,26.78,19.32,27.86,24,10/31/2026,New,Straight,Women,Teen,Biotin,Aloe Vera,Argan Oil,Keratin,Yes,Yes,Yes,No,No,No
NEW_SKU0236,VitalStrand Argan Oil Keratin Shampoo 650ml,VitalStrand,VertexFMCG,Competitor,Hair Care,Shampoo,Economy,Argan Oil,650,Economy,TerraChem,8.59,5.88,31.55,6,11/26/2026,New,Straight,Unisex,Teen,Keratin,Aloe Vera,Argan Oil,Collagen,No,Yes,No,No,No,No
NEW_SKU0237,VitalStrand Argan Oil Rosemary Hair Oil 200ml,VitalStrand,NimbusLabs,Competitor,Hair Care,Hair Oil,Mainstream,Argan Oil,200,Mainstream,VertexFMCG,16.72,11.91,28.77,18,4/12/2027,New,Fine,Women,Teen,Rosemary,Tea Tree,Biotin,Collagen,Yes,No,Yes,No,No,No
NEW_SKU0238,VitalStrand Argan Oil Rosemary Hair Oil 150ml,VitalStrand,AuroraMfg,Competitor,Hair Care,Hair Oil,Mainstream,Argan Oil,150,Mainstream,NimbusLabs,17.84,11.32,36.55,18,5/24/2027,New,Fine,Women,Teen,Rosemary,Keratin,Aloe Vera,Biotin,Yes,Yes,No,No,No,No
NEW_SKU0239,VitalStrand Keratin Rosemary Hair Oil 250ml,VitalStrand,AuroraMfg,Competitor,Hair Care,Hair Oil,Premium,Keratin,250,Premium,AuroraMfg,39.43,28.06,28.84,18,4/11/2027,New,Coily,Women,Senior,Rosemary,Argan Oil,Aloe Vera,Collagen,Yes,No,No,No,No,No
NEW_SKU0240,NourishLab Argan Oil Aloe Vera Hair Oil 300ml,NourishLab,AuroraMfg,Competitor,Hair Care,Hair Oil,Mainstream,Argan Oil,300,Mainstream,AuroraMfg,23.14,17.82,22.99,18,2/27/2027,New,Coily,Men,Teen,Aloe Vera,Tea Tree,Biotin,Collagen,No,No,No,No,No,No
